{
"lengthUnit": "mil",
"remark": ["fly_line"],
"components": {
	"fields": ["COMPONENT_NO", "COMPONENT_NAME", "LAYER", "X_COORDINATE", "Y_COORDINATE", "ANGLE"],
	"rows": [
		[1, "C1", "T", 395, -1455, 0],
		[2, "CN1", "T", 990, -1230, 0],
		[3, "RF1", "T", 185, -920, 0],
		[4, "SW1", "T", 430, -1010, 0],
		[5, "U1", "T", 875, -550, 0],
		[6, "U2", "T", 160, -1425, 0],
		[7, "U4", "T", 610, -1485, 0],
		[8, "U5", "T", 595, -1265, 0],
		[9, "USBC1", "T", 285, -320, 0],
		[10, "PAD1", "T", 457.7, -1455, 0],
		[11, "PAD2", "T", 332.3, -1455, 0],
		[12, "PAD3", "T", 1243.975, -1105.06, 0],
		[13, "PAD4", "T", 1243.975, -1155.06, 0],
		[14, "PAD5", "T", 1243.975, -1205.06, 0],
		[15, "PAD6", "T", 1243.975, -1305.06, 0],
		[16, "PAD7", "T", 1243.975, -1355.06, 0],
		[17, "PAD8", "T", 243.07, -920, 0],
		[18, "PAD9", "T", 126.93, -920, 0],
		[19, "PAD10", "T", 185, -859.96, 0],
		[20, "PAD11", "T", 185.01, -980.04, 0],
		[21, "PAD12", "T", 345, -1010, 0],
		[22, "PAD13", "T", 515, -1010, 0],
		[23, "PAD14", "T", 565.945, -311.81, 0],
		[24, "PAD15", "T", 565.945, -355.12, 0],
		[25, "PAD16", "T", 565.945, -614.96, 0],
		[26, "PAD17", "T", 1184.055, -788.19, 0],
		[27, "PAD18", "T", 1184.055, -744.88, 0],
		[28, "PAD19", "T", 1184.055, -701.58, 0],
		[29, "PAD20", "T", 1184.055, -658.27, 0],
		[30, "PAD21", "T", 1184.055, -614.96, 0],
		[31, "PAD22", "T", 1184.055, -571.65, 0],
		[32, "PAD23", "T", 1184.055, -441.73, 0],
		[33, "PAD24", "T", 1184.055, -398.43, 0],
		[34, "PAD25", "T", 1184.055, -355.12, 0],
		[35, "PAD26", "T", 1184.055, -311.81, 0],
		[36, "PAD27", "T", 664.365, -467.32, 0],
		[37, "PAD28", "T", 701.775, -896.46, 0],
		[38, "PAD29", "T", 788.385, -896.46, 0],
		[39, "PAD30", "T", 831.695, -896.46, 0],
		[40, "PAD31", "T", 875.005, -896.46, 0],
		[41, "PAD32", "T", 918.305, -896.46, 0],
		[42, "PAD33", "T", 961.615, -896.46, 0],
		[43, "PAD34", "T", 1048.225, -896.46, 0],
		[44, "PAD35", "T", 764.755, -301.97, 0],
		[45, "PAD36", "T", 819.875, -301.97, 0],
		[46, "PAD37", "T", 985.235, -301.97, 0],
		[47, "PAD38", "T", 1048.225, -203.54, 0],
		[48, "PAD39", "T", 1004.925, -203.54, 0],
		[49, "PAD40", "T", 961.615, -203.54, 0],
		[50, "PAD41", "T", 918.305, -203.54, 0],
		[51, "PAD42", "T", 831.695, -203.54, 0],
		[52, "PAD43", "T", 788.385, -203.54, 0],
		[53, "PAD44", "T", 989.165, -683.86, 0],
		[54, "PAD45", "T", 874.995, -683.86, 0],
		[55, "PAD46", "T", 760.825, -683.86, 0],
		[56, "PAD47", "T", 760.825, -550, 0],
		[57, "PAD48", "T", 874.995, -550, 0],
		[58, "PAD49", "T", 989.165, -550, 0],
		[59, "PAD50", "T", 874.995, -416.14, 0],
		[60, "PAD51", "T", 989.165, -416.15, 0],
		[61, "PAD52", "T", 760.825, -416.14, 0],
		[62, "PAD53", "T", 203.307, -1425.005, 0],
		[63, "PAD54", "T", 203.307, -1387.605, 0],
		[64, "PAD55", "T", 203.307, -1462.395, 0],
		[65, "PAD56", "T", 116.687, -1462.405, 0],
		[66, "PAD57", "T", 572.6, -1530.24, 0],
		[67, "PAD58", "T", 610, -1530.24, 0],
		[68, "PAD59", "T", 647.4, -1530.24, 0],
		[69, "PAD60", "T", 647.4, -1439.76, 0],
		[70, "PAD61", "T", 610, -1439.76, 0],
		[71, "PAD62", "T", 572.6, -1439.76, 0],
		[72, "PAD63", "T", 556.615, -1339.803, 0],
		[73, "PAD64", "T", 582.205, -1339.803, 0],
		[74, "PAD65", "T", 607.795, -1339.803, 0],
		[75, "PAD66", "T", 633.385, -1339.803, 0],
		[76, "PAD67", "T", 633.385, -1190.197, 0],
		[77, "PAD68", "T", 607.795, -1190.197, 0],
		[78, "PAD69", "T", 582.205, -1190.197, 0],
		[79, "PAD70", "T", 556.615, -1190.197, 0],
		[80, "PAD71", "T", 275.16, -222.595, 0],
		[81, "PAD72", "T", 294.84, -222.595, 0],
		[82, "PAD73", "T", 159.02, -222.595, 0],
		[83, "PAD74", "T", 410.99, -222.595, 0],
		[84, "PAD75", "T", 379.5, -222.595, 0],
		[85, "PAD76", "T", 190.51, -222.595, 0]
	]
},
"pins": {
	"fields": ["PIN_NO", "PIN_NAME", "PIN_X", "PIN_Y", "LAYER", "PIN_TYPE", "NET_NAME", "NET_TYPE", "PAD_SHAPE", "PAD_SIZEX", "PAD_SIZEY", "HOLE_SIZE", "HOLE_LEN", "PAD_ANGLE"],
	"rows": [
		[1, "C1_1", 332.3, -1455, "T", "SMD", "NET1", "", "R", 58.465, 68.031, 0, 0, 0],
		[2, "C1_2", 457.7, -1455, "T", "SMD", "$1N2512", "", "R", 58.465, 68.031, 0, 0, 0],
		[3, "CN1_0", 1082.475, -999.57, "T", "SMD", "NET_1", "", "R", 70.866, 51.181, 0, 0, 0],
		[4, "CN1_0", 736.025, -999.57, "T", "SMD", "NET_2", "", "R", 70.866, 51.181, 0, 0, 0],
		[5, "CN1_0", 736.025, -1460.43, "T", "SMD", "NET_3", "", "R", 70.866, 51.181, 0, 0, 0],
		[6, "CN1_0", 1082.475, -1460.43, "T", "SMD", "NET_4", "", "R", 70.866, 51.181, 0, 0, 0],
		[7, "CN1_C1", 1243.975, -1105.06, "T", "SMD", "$1N3176", "", "R", 47.244, 35.433, 0, 0, 0],
		[8, "CN1_C2", 1243.975, -1205.06, "T", "SMD", "$1N3194", "", "R", 47.244, 35.433, 0, 0, 0],
		[9, "CN1_C3", 1243.975, -1305.06, "T", "SMD", "$1N1670", "", "R", 47.244, 35.433, 0, 0, 0],
		[10, "CN1_C5", 1243.975, -1155.06, "T", "SMD", "GND", "GND", "R", 47.244, 35.433, 0, 0, 0],
		[11, "CN1_C6", 1243.975, -1255.06, "T", "SMD", "NET_5", "", "R", 47.244, 35.433, 0, 0, 0],
		[12, "CN1_C7", 1243.975, -1355.06, "T", "SMD", "$1N2936", "", "R", 47.244, 35.433, 0, 0, 0],
		[13, "RF1_1", 126.93, -920, "T", "SMD", "$1N2436", "", "R", 86.614, 41.339, 0, 0, 270],
		[14, "RF1_2", 185, -859.96, "T", "SMD", "GND", "GND", "R", 41.339, 39.37, 0, 0, 90],
		[15, "RF1_3", 243.07, -920, "T", "SMD", "GND", "GND", "R", 86.614, 41.339, 0, 0, 270],
		[16, "RF1_4", 185.01, -980.04, "T", "SMD", "GND", "GND", "R", 41.339, 39.37, 0, 0, 180],
		[17, "SW1_1", 345, -1010, "T", "SMD", "$1N1629", "", "R", 51.181, 66.929, 0, 0, 0],
		[18, "SW1_2", 515, -1010, "T", "SMD", "GND", "GND", "R", 51.181, 66.929, 0, 0, 0],
		[19, "U1_1", 565.945, -311.81, "T", "SMD", "$1N2669", "", "O", 66.929, 31.496, 0, 0, 0],
		[20, "U1_2", 565.945, -355.12, "T", "SMD", "$1N2679", "", "O", 66.929, 31.496, 0, 0, 0],
		[21, "U1_3", 565.945, -398.42, "T", "SMD", "NET_6", "", "O", 66.929, 31.496, 0, 0, 0],
		[22, "U1_4", 565.945, -441.73, "T", "SMD", "NET_7", "", "O", 66.929, 31.496, 0, 0, 0],
		[23, "U1_5", 565.945, -485.04, "T", "SMD", "NET_8", "", "O", 66.929, 31.496, 0, 0, 0],
		[24, "U1_6", 565.945, -528.35, "T", "SMD", "NET_9", "", "O", 66.929, 31.496, 0, 0, 0],
		[25, "U1_7", 565.945, -571.65, "T", "SMD", "NET_10", "", "O", 66.929, 31.496, 0, 0, 0],
		[26, "U1_8", 565.945, -614.96, "T", "SMD", "GND", "GND", "O", 66.929, 31.496, 0, 0, 0],
		[27, "U1_9", 565.945, -658.27, "T", "SMD", "NET_11", "", "O", 66.929, 31.496, 0, 0, 0],
		[28, "U1_10", 565.945, -701.57, "T", "SMD", "NET_12", "", "O", 66.929, 31.496, 0, 0, 0],
		[29, "U1_11", 565.945, -744.88, "T", "SMD", "NET_13", "", "O", 66.929, 31.496, 0, 0, 0],
		[30, "U1_12", 565.945, -788.19, "T", "SMD", "NET_14", "", "O", 66.929, 31.496, 0, 0, 0],
		[31, "U1_13", 701.775, -896.46, "T", "SMD", "GND", "GND", "O", 66.929, 31.496, 0, 0, 90],
		[32, "U1_14", 745.075, -896.46, "T", "SMD", "NET_15", "", "O", 66.929, 31.496, 0, 0, 90],
		[33, "U1_15", 788.385, -896.46, "T", "SMD", "$1N2936", "", "O", 66.929, 31.496, 0, 0, 90],
		[34, "U1_16", 831.695, -896.46, "T", "SMD", "$1N3194", "", "O", 66.929, 31.496, 0, 0, 90],
		[35, "U1_17", 875.005, -896.46, "T", "SMD", "$1N1670", "", "O", 66.929, 31.496, 0, 0, 90],
		[36, "U1_18", 918.305, -896.46, "T", "SMD", "$1N3176", "", "O", 66.929, 31.496, 0, 0, 90],
		[37, "U1_19", 961.615, -896.46, "T", "SMD", "GND", "GND", "O", 66.929, 31.496, 0, 0, 90],
		[38, "U1_20", 1004.925, -896.46, "T", "SMD", "NET_16", "", "O", 66.929, 31.496, 0, 0, 90],
		[39, "U1_21", 1048.225, -896.46, "T", "SMD", "GND", "GND", "O", 66.929, 31.496, 0, 0, 90],
		[40, "U1_22", 1184.055, -788.19, "T", "SMD", "$1N3075", "", "O", 66.929, 31.496, 0, 0, 0],
		[41, "U1_23", 1184.055, -744.88, "T", "SMD", "$1N2693", "", "O", 66.929, 31.496, 0, 0, 0],
		[42, "U1_24", 1184.055, -701.58, "T", "SMD", "$1N2102", "", "O", 66.929, 31.496, 0, 0, 0],
		[43, "U1_25", 1184.055, -658.27, "T", "SMD", "$1N2108", "", "O", 66.929, 31.496, 0, 0, 0],
		[44, "U1_26", 1184.055, -614.96, "T", "SMD", "$1N2114", "", "O", 66.929, 31.496, 0, 0, 0],
		[45, "U1_27", 1184.055, -571.65, "T", "SMD", "GND", "GND", "O", 66.929, 31.496, 0, 0, 0],
		[46, "U1_28", 1184.055, -528.35, "T", "SMD", "NET_17", "", "O", 66.929, 31.496, 0, 0, 0],
		[47, "U1_29", 1184.055, -485.04, "T", "SMD", "NET_18", "", "O", 66.929, 31.496, 0, 0, 0],
		[48, "U1_30", 1184.055, -441.73, "T", "SMD", "GND", "GND", "O", 66.929, 31.496, 0, 0, 0],
		[49, "U1_31", 1184.055, -398.43, "T", "SMD", "GND", "GND", "O", 66.929, 31.496, 0, 0, 0],
		[50, "U1_32", 1184.055, -355.12, "T", "SMD", "$1N2436", "", "O", 66.929, 31.496, 0, 0, 0],
		[51, "U1_33", 1184.055, -311.81, "T", "SMD", "GND", "GND", "O", 66.929, 31.496, 0, 0, 0],
		[52, "U1_34", 1048.225, -203.54, "T", "SMD", "$1N2512", "", "O", 66.929, 31.496, 0, 0, 90],
		[53, "U1_35", 1004.925, -203.54, "T", "SMD", "$1N2512", "", "O", 66.929, 31.496, 0, 0, 90],
		[54, "U1_36", 961.615, -203.54, "T", "SMD", "GND", "GND", "O", 66.929, 31.496, 0, 0, 90],
		[55, "U1_37", 918.305, -203.54, "T", "SMD", "GND", "GND", "O", 66.929, 31.496, 0, 0, 90],
		[56, "U1_38", 875.005, -203.54, "T", "SMD", "NET_19", "", "O", 66.929, 31.496, 0, 0, 90],
		[57, "U1_39", 831.695, -203.54, "T", "SMD", "$1N1629", "", "O", 66.929, 31.496, 0, 0, 90],
		[58, "U1_40", 788.385, -203.54, "T", "SMD", "$1N2630", "", "O", 66.929, 31.496, 0, 0, 90],
		[59, "U1_41", 745.085, -203.54, "T", "SMD", "NET_20", "", "O", 66.929, 31.496, 0, 0, 90],
		[60, "U1_42", 701.775, -203.54, "T", "SMD", "NET_21", "", "O", 66.929, 31.496, 0, 0, 90],
		[61, "U1_43", 664.365, -357.09, "T", "SMD", "NET_22", "", "R", 43.307, 35.433, 0, 0, 0],
		[62, "U1_44", 664.365, -412.21, "T", "SMD", "NET_23", "", "R", 43.307, 35.433, 0, 0, 0],
		[63, "U1_45", 664.365, -467.32, "T", "SMD", "GND", "GND", "R", 43.307, 35.433, 0, 0, 0],
		[64, "U1_46", 664.365, -522.44, "T", "SMD", "NET_24", "", "R", 43.307, 35.433, 0, 0, 0],
		[65, "U1_47", 664.365, -577.56, "T", "SMD", "NET_25", "", "R", 43.307, 35.433, 0, 0, 0],
		[66, "U1_48", 664.365, -632.68, "T", "SMD", "NET_26", "", "R", 43.307, 35.433, 0, 0, 0],
		[67, "U1_49", 664.365, -687.79, "T", "SMD", "NET_27", "", "R", 43.307, 35.433, 0, 0, 0],
		[68, "U1_50", 664.365, -742.91, "T", "SMD", "NET_28", "", "R", 43.307, 35.433, 0, 0, 0],
		[69, "U1_51", 709.645, -798.03, "T", "SMD", "NET_29", "", "R", 43.307, 35.433, 0, 0, 90],
		[70, "U1_52", 764.755, -798.03, "T", "SMD", "NET_30", "", "R", 43.307, 35.433, 0, 0, 90],
		[71, "U1_53", 819.875, -798.03, "T", "SMD", "NET_31", "", "R", 43.307, 35.433, 0, 0, 90],
		[72, "U1_54", 874.995, -798.03, "T", "SMD", "NET_32", "", "R", 43.307, 35.433, 0, 0, 90],
		[73, "U1_55", 930.115, -798.03, "T", "SMD", "NET_33", "", "R", 43.307, 35.433, 0, 0, 90],
		[74, "U1_56", 985.235, -798.03, "T", "SMD", "NET_34", "", "R", 43.307, 35.433, 0, 0, 90],
		[75, "U1_57", 1040.345, -798.03, "T", "SMD", "NET_35", "", "R", 43.307, 35.433, 0, 0, 90],
		[76, "U1_58", 1085.625, -742.92, "T", "SMD", "NET_36", "", "R", 43.307, 35.433, 0, 0, 0],
		[77, "U1_59", 1085.625, -687.8, "T", "SMD", "NET_37", "", "R", 43.307, 35.433, 0, 0, 0],
		[78, "U1_60", 1085.625, -632.68, "T", "SMD", "NET_38", "", "R", 43.307, 35.433, 0, 0, 0],
		[79, "U1_61", 1085.625, -577.56, "T", "SMD", "NET_39", "", "R", 43.307, 35.433, 0, 0, 0],
		[80, "U1_62", 1085.625, -522.44, "T", "SMD", "NET_40", "", "R", 43.307, 35.433, 0, 0, 0],
		[81, "U1_63", 985.235, -301.97, "T", "SMD", "GND", "GND", "R", 43.307, 35.433, 0, 0, 90],
		[82, "U1_64", 930.115, -301.97, "T", "SMD", "NET_41", "", "R", 43.307, 35.433, 0, 0, 90],
		[83, "U1_65", 874.995, -301.97, "T", "SMD", "NET_42", "", "R", 43.307, 35.433, 0, 0, 90],
		[84, "U1_66", 819.875, -301.97, "T", "SMD", "GND", "GND", "R", 43.307, 35.433, 0, 0, 90],
		[85, "U1_67", 764.755, -301.97, "T", "SMD", "GND", "GND", "R", 43.307, 35.433, 0, 0, 90],
		[86, "U1_68", 709.645, -301.97, "T", "SMD", "NET_43", "", "R", 43.307, 35.433, 0, 0, 90],
		[87, "U1_69", 760.825, -416.14, "T", "SMD", "GND", "GND", "P", 102.362, 122.048, 0, 0, 0],
		[88, "U1_70", 760.825, -550, "T", "SMD", "GND", "GND", "R", 122.047, 102.362, 0, 0, 90],
		[89, "U1_71", 760.825, -683.86, "T", "SMD", "GND", "GND", "R", 122.047, 102.362, 0, 0, 90],
		[90, "U1_72", 874.995, -683.86, "T", "SMD", "GND", "GND", "R", 122.047, 102.362, 0, 0, 90],
		[91, "U1_73", 989.165, -683.86, "T", "SMD", "GND", "GND", "R", 122.047, 102.362, 0, 0, 90],
		[92, "U1_74", 989.165, -550, "T", "SMD", "GND", "GND", "R", 122.047, 102.362, 0, 0, 90],
		[93, "U1_75", 989.165, -416.15, "T", "SMD", "GND", "GND", "R", 122.047, 102.362, 0, 0, 90],
		[94, "U1_76", 874.995, -416.14, "T", "SMD", "GND", "GND", "R", 122.047, 102.362, 0, 0, 90],
		[95, "U1_77", 874.995, -550, "T", "SMD", "GND", "GND", "R", 122.047, 102.362, 0, 0, 90],
		[96, "U2_1", 203.307, -1462.395, "T", "SMD", "+5V", "", "R", 23.622, 39.37, 0, 0, 90],
		[97, "U2_2", 203.307, -1425.005, "T", "SMD", "GND", "GND", "R", 23.622, 39.37, 0, 0, 90],
		[98, "U2_3", 203.307, -1387.605, "T", "SMD", "+5V", "", "R", 23.622, 39.37, 0, 0, 90],
		[99, "U2_4", 116.687, -1387.595, "T", "SMD", "NET_44", "", "R", 23.622, 39.37, 0, 0, 90],
		[100, "U2_5", 116.687, -1462.405, "T", "SMD", "NET1", "", "R", 23.622, 39.37, 0, 0, 90],
		[101, "U4_1", 572.6, -1530.24, "T", "SMD", "$1N3194", "", "R", 20.945, 42.205, 0, 0, 0],
		[102, "U4_2", 610, -1530.24, "T", "SMD", "$1N3176", "", "R", 20.945, 42.205, 0, 0, 0],
		[103, "U4_3", 647.4, -1530.24, "T", "SMD", "$1N2936", "", "R", 20.945, 42.205, 0, 0, 0],
		[104, "U4_4", 647.4, -1439.76, "T", "SMD", "$1N3194", "", "R", 20.945, 42.205, 0, 0, 0],
		[105, "U4_5", 610, -1439.76, "T", "SMD", "GND", "GND", "R", 20.945, 42.205, 0, 0, 0],
		[106, "U4_6", 572.6, -1439.76, "T", "SMD", "$1N2936", "", "R", 20.945, 42.205, 0, 0, 0],
		[107, "U5_1", 556.615, -1339.803, "T", "SMD", "$1N3075", "", "R", 15.748, 43.307, 0, 0, 0],
		[108, "U5_2", 582.205, -1339.803, "T", "SMD", "GND", "GND", "R", 15.748, 43.307, 0, 0, 0],
		[109, "U5_3", 607.795, -1339.803, "T", "SMD", "$1N2630", "", "R", 15.748, 43.307, 0, 0, 0],
		[110, "U5_4", 633.385, -1339.803, "T", "SMD", "$1N2679", "", "R", 15.748, 43.307, 0, 0, 0],
		[111, "U5_5", 633.385, -1190.197, "T", "SMD", "$1N2669", "", "R", 15.748, 43.307, 0, 0, 0],
		[112, "U5_6", 607.795, -1190.197, "T", "SMD", "$1N2630", "", "R", 15.748, 43.307, 0, 0, 0],
		[113, "U5_7", 582.205, -1190.197, "T", "SMD", "NET1", "", "R", 15.748, 43.307, 0, 0, 0],
		[114, "U5_8", 556.615, -1190.197, "T", "SMD", "$1N2693", "", "R", 15.748, 43.307, 0, 0, 0],
		[115, "USBC1_1", 455.28, -252.845, "T", "DIP", "NET_45", "", "O", 47.244, 78.74, 31.496, 62.991, 0],
		[116, "USBC1_1", 455.28, -252.845, "B", "DIP", "NET_45", "", "O", 47.244, 78.74, 31.496, 62.991, 0],
		[117, "USBC1_2", 455.28, -417.405, "T", "DIP", "NET_46", "", "O", 47.244, 70.866, 31.496, 55.118, 0],
		[118, "USBC1_2", 455.28, -417.405, "B", "DIP", "NET_46", "", "O", 47.244, 70.866, 31.496, 55.118, 0],
		[119, "USBC1_3", 114.72, -417.405, "T", "DIP", "NET_47", "", "O", 47.244, 70.866, 31.496, 55.118, 0],
		[120, "USBC1_3", 114.72, -417.405, "B", "DIP", "NET_47", "", "O", 47.244, 70.866, 31.496, 55.118, 0],
		[121, "USBC1_4", 114.72, -252.845, "T", "DIP", "NET_48", "", "O", 47.244, 78.74, 31.496, 62.993, 0],
		[122, "USBC1_4", 114.72, -252.845, "B", "DIP", "NET_48", "", "O", 47.244, 78.74, 31.496, 62.993, 0],
		[123, "USBC1_A1B12", 159.02, -222.595, "T", "SMD", "GND", "GND", "P", 23.621, 51.188, 0, 0, 0],
		[124, "USBC1_A4B9", 190.51, -222.595, "T", "SMD", "$1N2102", "", "P", 23.621, 51.181, 0, 0, 0],
		[125, "USBC1_A5", 235.79, -222.595, "T", "SMD", "NET_49", "", "R", 11.811, 51.181, 0, 0, 0],
		[126, "USBC1_A6", 275.16, -222.595, "T", "SMD", "$1N2108", "", "R", 11.811, 51.181, 0, 0, 0],
		[127, "USBC1_A7", 294.84, -222.595, "T", "SMD", "$1N2114", "", "R", 11.811, 51.181, 0, 0, 0],
		[128, "USBC1_A8", 334.2, -222.595, "T", "SMD", "NET_50", "", "R", 11.811, 51.181, 0, 0, 0],
		[129, "USBC1_B1A12", 410.99, -222.595, "T", "SMD", "GND", "GND", "P", 23.623, 51.18, 0, 0, 0],
		[130, "USBC1_B4A9", 379.5, -222.595, "T", "SMD", "$1N2102", "", "P", 23.623, 51.18, 0, 0, 0],
		[131, "USBC1_B5", 353.9, -222.595, "T", "SMD", "NET_51", "", "R", 11.811, 51.181, 0, 0, 0],
		[132, "USBC1_B6", 314.53, -222.595, "T", "SMD", "NET_52", "", "R", 11.811, 51.181, 0, 0, 0],
		[133, "USBC1_B7", 255.47, -222.595, "T", "SMD", "NET_53", "", "R", 11.811, 51.181, 0, 0, 0],
		[134, "USBC1_B8", 216.1, -222.595, "T", "SMD", "NET_54", "", "R", 11.811, 51.181, 0, 0, 0],
		[135, "PAD1_2", 457.7, -1455, "T", "SMD", "$1N2512", "", "R", 58.465, 68.031, 0, 0, 0],
		[136, "PAD2_1", 332.3, -1455, "T", "SMD", "NET1", "", "R", 58.465, 68.031, 0, 0, 0],
		[137, "PAD3_C1", 1243.975, -1105.06, "T", "SMD", "$1N3176", "", "R", 47.244, 35.433, 0, 0, 0],
		[138, "PAD4_C5", 1243.975, -1155.06, "T", "SMD", "GND", "GND", "R", 47.244, 35.433, 0, 0, 0],
		[139, "PAD5_C2", 1243.975, -1205.06, "T", "SMD", "$1N3194", "", "R", 47.244, 35.433, 0, 0, 0],
		[140, "PAD6_C3", 1243.975, -1305.06, "T", "SMD", "$1N1670", "", "R", 47.244, 35.433, 0, 0, 0],
		[141, "PAD7_C7", 1243.975, -1355.06, "T", "SMD", "$1N2936", "", "R", 47.244, 35.433, 0, 0, 0],
		[142, "PAD8_3", 243.07, -920, "T", "SMD", "GND", "GND", "R", 86.614, 41.339, 0, 0, 270],
		[143, "PAD9_1", 126.93, -920, "T", "SMD", "$1N2436", "", "R", 86.614, 41.339, 0, 0, 270],
		[144, "PAD10_2", 185, -859.96, "T", "SMD", "GND", "GND", "R", 41.339, 39.37, 0, 0, 90],
		[145, "PAD11_4", 185.01, -980.04, "T", "SMD", "GND", "GND", "R", 41.339, 39.37, 0, 0, 180],
		[146, "PAD12_1", 345, -1010, "T", "SMD", "$1N1629", "", "R", 51.181, 66.929, 0, 0, 0],
		[147, "PAD13_2", 515, -1010, "T", "SMD", "GND", "GND", "R", 51.181, 66.929, 0, 0, 0],
		[148, "PAD14_1", 565.945, -311.81, "T", "SMD", "$1N2669", "", "O", 66.929, 31.496, 0, 0, 0],
		[149, "PAD15_2", 565.945, -355.12, "T", "SMD", "$1N2679", "", "O", 66.929, 31.496, 0, 0, 0],
		[150, "PAD16_8", 565.945, -614.96, "T", "SMD", "GND", "GND", "O", 66.929, 31.496, 0, 0, 0],
		[151, "PAD17_22", 1184.055, -788.19, "T", "SMD", "$1N3075", "", "O", 66.929, 31.496, 0, 0, 0],
		[152, "PAD18_23", 1184.055, -744.88, "T", "SMD", "$1N2693", "", "O", 66.929, 31.496, 0, 0, 0],
		[153, "PAD19_24", 1184.055, -701.58, "T", "SMD", "$1N2102", "", "O", 66.929, 31.496, 0, 0, 0],
		[154, "PAD20_25", 1184.055, -658.27, "T", "SMD", "$1N2108", "", "O", 66.929, 31.496, 0, 0, 0],
		[155, "PAD21_26", 1184.055, -614.96, "T", "SMD", "$1N2114", "", "O", 66.929, 31.496, 0, 0, 0],
		[156, "PAD22_27", 1184.055, -571.65, "T", "SMD", "GND", "GND", "O", 66.929, 31.496, 0, 0, 0],
		[157, "PAD23_30", 1184.055, -441.73, "T", "SMD", "GND", "GND", "O", 66.929, 31.496, 0, 0, 0],
		[158, "PAD24_31", 1184.055, -398.43, "T", "SMD", "GND", "GND", "O", 66.929, 31.496, 0, 0, 0],
		[159, "PAD25_32", 1184.055, -355.12, "T", "SMD", "$1N2436", "", "O", 66.929, 31.496, 0, 0, 0],
		[160, "PAD26_33", 1184.055, -311.81, "T", "SMD", "GND", "GND", "O", 66.929, 31.496, 0, 0, 0],
		[161, "PAD27_45", 664.365, -467.32, "T", "SMD", "GND", "GND", "R", 43.307, 35.433, 0, 0, 0],
		[162, "PAD28_13", 701.775, -896.46, "T", "SMD", "GND", "GND", "O", 66.929, 31.496, 0, 0, 90],
		[163, "PAD29_15", 788.385, -896.46, "T", "SMD", "$1N2936", "", "O", 66.929, 31.496, 0, 0, 90],
		[164, "PAD30_16", 831.695, -896.46, "T", "SMD", "$1N3194", "", "O", 66.929, 31.496, 0, 0, 90],
		[165, "PAD31_17", 875.005, -896.46, "T", "SMD", "$1N1670", "", "O", 66.929, 31.496, 0, 0, 90],
		[166, "PAD32_18", 918.305, -896.46, "T", "SMD", "$1N3176", "", "O", 66.929, 31.496, 0, 0, 90],
		[167, "PAD33_19", 961.615, -896.46, "T", "SMD", "GND", "GND", "O", 66.929, 31.496, 0, 0, 90],
		[168, "PAD34_21", 1048.225, -896.46, "T", "SMD", "GND", "GND", "O", 66.929, 31.496, 0, 0, 90],
		[169, "PAD35_67", 764.755, -301.97, "T", "SMD", "GND", "GND", "R", 43.307, 35.433, 0, 0, 90],
		[170, "PAD36_66", 819.875, -301.97, "T", "SMD", "GND", "GND", "R", 43.307, 35.433, 0, 0, 90],
		[171, "PAD37_63", 985.235, -301.97, "T", "SMD", "GND", "GND", "R", 43.307, 35.433, 0, 0, 90],
		[172, "PAD38_34", 1048.225, -203.54, "T", "SMD", "$1N2512", "", "O", 66.929, 31.496, 0, 0, 90],
		[173, "PAD39_35", 1004.925, -203.54, "T", "SMD", "$1N2512", "", "O", 66.929, 31.496, 0, 0, 90],
		[174, "PAD40_36", 961.615, -203.54, "T", "SMD", "GND", "GND", "O", 66.929, 31.496, 0, 0, 90],
		[175, "PAD41_37", 918.305, -203.54, "T", "SMD", "GND", "GND", "O", 66.929, 31.496, 0, 0, 90],
		[176, "PAD42_39", 831.695, -203.54, "T", "SMD", "$1N1629", "", "O", 66.929, 31.496, 0, 0, 90],
		[177, "PAD43_40", 788.385, -203.54, "T", "SMD", "$1N2630", "", "O", 66.929, 31.496, 0, 0, 90],
		[178, "PAD44_73", 989.165, -683.86, "T", "SMD", "GND", "GND", "R", 122.047, 102.362, 0, 0, 90],
		[179, "PAD45_72", 874.995, -683.86, "T", "SMD", "GND", "GND", "R", 122.047, 102.362, 0, 0, 90],
		[180, "PAD46_71", 760.825, -683.86, "T", "SMD", "GND", "GND", "R", 122.047, 102.362, 0, 0, 90],
		[181, "PAD47_70", 760.825, -550, "T", "SMD", "GND", "GND", "R", 122.047, 102.362, 0, 0, 90],
		[182, "PAD48_77", 874.995, -550, "T", "SMD", "GND", "GND", "R", 122.047, 102.362, 0, 0, 90],
		[183, "PAD49_74", 989.165, -550, "T", "SMD", "GND", "GND", "R", 122.047, 102.362, 0, 0, 90],
		[184, "PAD50_76", 874.995, -416.14, "T", "SMD", "GND", "GND", "R", 122.047, 102.362, 0, 0, 90],
		[185, "PAD51_75", 989.165, -416.15, "T", "SMD", "GND", "GND", "R", 122.047, 102.362, 0, 0, 90],
		[186, "PAD52_69", 760.825, -416.14, "T", "SMD", "GND", "GND", "P", 102.362, 122.048, 0, 0, 0],
		[187, "PAD53_2", 203.307, -1425.005, "T", "SMD", "GND", "GND", "R", 23.622, 39.37, 0, 0, 90],
		[188, "PAD54_3", 203.307, -1387.605, "T", "SMD", "+5V", "", "R", 23.622, 39.37, 0, 0, 90],
		[189, "PAD55_1", 203.307, -1462.395, "T", "SMD", "+5V", "", "R", 23.622, 39.37, 0, 0, 90],
		[190, "PAD56_5", 116.687, -1462.405, "T", "SMD", "NET1", "", "R", 23.622, 39.37, 0, 0, 90],
		[191, "PAD57_1", 572.6, -1530.24, "T", "SMD", "$1N3194", "", "R", 20.945, 42.205, 0, 0, 0],
		[192, "PAD58_2", 610, -1530.24, "T", "SMD", "$1N3176", "", "R", 20.945, 42.205, 0, 0, 0],
		[193, "PAD59_3", 647.4, -1530.24, "T", "SMD", "$1N2936", "", "R", 20.945, 42.205, 0, 0, 0],
		[194, "PAD60_4", 647.4, -1439.76, "T", "SMD", "$1N3194", "", "R", 20.945, 42.205, 0, 0, 0],
		[195, "PAD61_5", 610, -1439.76, "T", "SMD", "GND", "GND", "R", 20.945, 42.205, 0, 0, 0],
		[196, "PAD62_6", 572.6, -1439.76, "T", "SMD", "$1N2936", "", "R", 20.945, 42.205, 0, 0, 0],
		[197, "PAD63_1", 556.615, -1339.803, "T", "SMD", "$1N3075", "", "R", 15.748, 43.307, 0, 0, 0],
		[198, "PAD64_2", 582.205, -1339.803, "T", "SMD", "GND", "GND", "R", 15.748, 43.307, 0, 0, 0],
		[199, "PAD65_3", 607.795, -1339.803, "T", "SMD", "$1N2630", "", "R", 15.748, 43.307, 0, 0, 0],
		[200, "PAD66_4", 633.385, -1339.803, "T", "SMD", "$1N2679", "", "R", 15.748, 43.307, 0, 0, 0],
		[201, "PAD67_5", 633.385, -1190.197, "T", "SMD", "$1N2669", "", "R", 15.748, 43.307, 0, 0, 0],
		[202, "PAD68_6", 607.795, -1190.197, "T", "SMD", "$1N2630", "", "R", 15.748, 43.307, 0, 0, 0],
		[203, "PAD69_7", 582.205, -1190.197, "T", "SMD", "NET1", "", "R", 15.748, 43.307, 0, 0, 0],
		[204, "PAD70_8", 556.615, -1190.197, "T", "SMD", "$1N2693", "", "R", 15.748, 43.307, 0, 0, 0],
		[205, "PAD71_A6", 275.16, -222.595, "T", "SMD", "$1N2108", "", "R", 11.811, 51.181, 0, 0, 0],
		[206, "PAD72_A7", 294.84, -222.595, "T", "SMD", "$1N2114", "", "R", 11.811, 51.181, 0, 0, 0],
		[207, "PAD73_A1B12", 159.02, -222.595, "T", "SMD", "GND", "GND", "P", 23.621, 51.188, 0, 0, 0],
		[208, "PAD74_B1A12", 410.99, -222.595, "T", "SMD", "GND", "GND", "P", 23.623, 51.18, 0, 0, 0],
		[209, "PAD75_B4A9", 379.5, -222.595, "T", "SMD", "$1N2102", "", "P", 23.623, 51.18, 0, 0, 0],
		[210, "PAD76_A4B9", 190.51, -222.595, "T", "SMD", "$1N2102", "", "P", 23.621, 51.181, 0, 0, 0]
	]
}
}